City,Lat,Lng,Max Temp,Humidity,Cloudiness,Wind Speed,Country,Date
Hofn,64.2539,-15.2082,42.01,91,100,8.7,IS,1619372838
Bluff,-46.6,168.3333,42.01,84,79,5.99,NZ,1619372838
Lata,40.1629,-8.3327,62.01,89,90,3.2,PT,1619372839
Evanston,42.0411,-87.6901,46.99,46,20,11.5,US,1619372667
Mehamn,71.0357,27.8492,35.6,69,75,11.5,NO,1619372839
Narsaq,60.9167,-46.05,51.8,30,75,19.57,GL,1619372711
Aklavik,68.2191,-135.0107,21.2,79,20,12.66,CA,1619372840
Paamiut,61.994,-49.6678,37.26,93,99,5.59,GL,1619372840
Miandrivazo,-19.5167,45.4667,80.2,63,100,3.76,MG,1619372840
Podporozh'ye,60.9112,34.1706,38.91,97,100,6.31,RU,1619372713
Kiunga,-6.1219,141.2906,72.9,97,98,1.88,PG,1619372841
Tromsø,69.6496,18.957,35.6,75,75,5.75,NO,1619372841
Kapaa,22.0752,-159.319,73.99,78,75,11.5,US,1619372841
Vostok,46.4856,135.8833,23.23,55,6,4.79,RU,1619372842
Nikolskoye,59.7035,30.7861,39.99,87,75,11.18,RU,1619372842
Quebo,11.3333,-14.9333,93.88,24,23,11.21,GW,1619372842
Castro,-24.7911,-50.0119,69.53,61,100,8.48,BR,1619372842
Rikitea,-23.1203,-134.9692,77.65,75,80,7.52,PF,1619372843
Saint Paul Harbor,57.79,-152.4072,39.2,87,90,9.22,US,1619372843
Airai,-8.9266,125.4092,55.08,81,20,1.95,TL,1619372694
Upington,-28.4478,21.2561,77.0,19,0,3.44,ZA,1619372844
Kachīry,53.0675,76.1036,49.5,34,99,17.11,KZ,1619372844
Longyearbyen,78.2186,15.6401,21.2,63,40,18.41,SJ,1619372844
Tuktoyaktuk,69.4541,-133.0374,10.4,85,90,10.36,CA,1619372845
Acarí,-15.4311,-74.6158,80.35,54,15,11.18,PE,1619372596
Mount Gambier,-37.8333,140.7667,48.2,100,90,1.14,AU,1619372845
Lagoa,39.05,-27.9833,59.72,79,27,14.7,PT,1619372641
Las Vegas,36.175,-115.1372,77.0,12,1,24.16,US,1619372038
Ushuaia,-54.8,-68.3,55.4,50,75,18.41,AR,1619372845
Zyryanka,65.75,150.85,-0.81,94,5,7.43,RU,1619372846
Havelock,34.8791,-76.9013,70.0,67,79,8.01,US,1619372561
Ancud,-41.8697,-73.8203,60.01,100,90,3.56,CL,1619372846
Safaga,26.7292,33.9365,77.0,50,0,8.05,EG,1619372846
Port Alfred,-33.5906,26.891,70.65,71,98,15.39,ZA,1619372847
Kavieng,-2.5744,150.7967,81.25,77,95,3.83,PG,1619372847
Dalvik,65.9702,-18.5286,39.2,100,90,17.27,IS,1619372847
Vaini,-21.2,-175.2,75.2,94,75,6.91,TO,1619372848
Posadas,-27.3671,-55.8961,75.2,68,75,5.75,AR,1619372848
Bilibino,68.0546,166.4372,15.49,96,100,1.41,RU,1619372848
Abhā,18.2164,42.5053,62.6,59,40,8.05,SA,1619372690
Jamestown,42.097,-79.2353,50.0,81,90,11.5,US,1619372849
Bredasdorp,-34.5322,20.0403,57.2,88,100,3.44,ZA,1619372849
Flinders,-34.5833,150.8552,52.0,84,53,1.01,AU,1619372850
Hermanus,-34.4187,19.2345,62.01,86,100,1.05,ZA,1619372850
Yellowknife,62.456,-114.3525,6.8,56,75,5.75,CA,1619372643
Katsuura,35.1333,140.3,55.4,54,75,17.27,JP,1619372851
Kaitangata,-46.2817,169.8464,36.0,76,43,1.99,NZ,1619372851
Noyabrsk,63.1994,75.4507,33.6,98,100,11.61,RU,1619372852
San Cristobal,7.7669,-72.225,89.6,58,20,11.5,VE,1619372618
Çarşamba,41.1989,36.7219,51.8,76,75,2.3,TR,1619372852
Plettenberg Bay,-34.0527,23.3716,67.3,68,100,6.78,ZA,1619372570
Natá,8.3333,-80.5167,89.6,58,20,11.5,PA,1619372853
Constitución,-35.3333,-72.4167,65.53,57,0,14.14,CL,1619372822
Baruun-Urt,46.6806,113.2792,48.97,69,100,17.07,MN,1619372853
George Town,5.4112,100.3354,82.4,89,20,3.44,MY,1619372668
Kenai,60.5544,-151.2583,39.2,70,1,3.44,US,1619372853
Yaita,36.8,139.9333,42.08,51,1,12.82,JP,1619372854
Tabanan,-8.5413,115.1252,80.6,89,40,8.05,ID,1619372854
Punta Arenas,-53.15,-70.9167,59.0,47,75,23.02,CL,1619372757
Hithadhoo,-0.6,73.0833,82.92,67,41,2.84,MV,1619372855
Camacha,33.0833,-16.3333,66.2,72,75,20.71,PT,1619372855
Khandyga,62.6667,135.6,14.32,92,100,4.16,RU,1619372844
São Félix do Xingu,-6.6447,-51.995,88.14,60,40,2.84,BR,1619372855
Castlebar,53.85,-9.3,62.01,48,99,11.99,IE,1619372856
Porto-Novo,6.4965,2.6036,86.0,74,40,12.66,BJ,1619372856
Albany,42.6001,-73.9662,55.99,62,100,3.96,US,1619372852
Avarua,-21.2078,-159.775,78.8,83,75,11.5,CK,1619372856
Ribeira Grande,38.5167,-28.7,66.2,68,20,6.91,PT,1619372857
Mataura,-46.1927,168.8643,42.01,84,52,5.99,NZ,1619372857
Ugoofaaru,5.6667,73.0,84.29,71,10,5.88,MV,1619372857
Saint-François,46.4154,3.9054,66.2,42,0,6.91,FR,1619372858
Atuona,-9.8,-139.0333,80.15,71,69,16.6,PF,1619372858
Carnarvon,-24.8667,113.6333,64.4,88,0,9.22,AU,1619372859
Thompson,55.7435,-97.8558,33.8,44,90,10.36,CA,1619372859
Provideniya,64.3833,-173.3,34.65,87,98,3.8,RU,1619372859
Naze,28.3667,129.4833,64.72,67,100,11.14,JP,1619372850
Ponta do Sol,32.6667,-17.1,68.0,64,40,10.36,PT,1619372860
Estación Coahuila,32.1939,-115.0017,81.0,18,1,0.98,MX,1619372860
Teya,60.3778,92.6267,34.41,96,100,5.21,RU,1619372860
Hobart,-42.8794,147.3294,57.2,62,40,13.8,AU,1619372861
Lebu,-37.6167,-73.65,60.33,75,0,13.11,CL,1619372861
Puerto Ayora,-0.7393,-90.3518,82.4,65,20,18.41,EC,1619372690
Takoradze,4.8845,-1.7554,82.08,79,94,8.7,GH,1619372862
Novobessergenevka,47.1847,38.8462,52.0,46,90,7.0,RU,1619372862
Ilulissat,69.2167,-51.1,51.8,40,20,21.85,GL,1619372693
Quila,24.4228,-107.22,86.0,50,1,3.44,MX,1619372862
East London,-33.0153,27.9116,68.0,83,0,9.22,ZA,1619372863
Portree,57.4129,-6.1942,55.99,56,69,8.99,GB,1619372863
Genteng,-8.3667,114.15,70.72,91,73,3.36,ID,1619372863
Isa Khel,36.6702,68.8443,70.0,30,45,3.02,AF,1619372864
Srednekolymsk,67.45,153.6833,-4.4,99,16,4.74,RU,1619372864
Aykhal,66.0,111.5,7.09,95,100,28.34,RU,1619372692
Vestmannaeyjar,63.4427,-20.2734,44.6,87,75,13.8,IS,1619372864
Saskylakh,71.9167,114.0833,15.3,95,100,8.97,RU,1619372770
Manta,-0.95,-80.7333,82.4,74,40,6.91,EC,1619372567
Fengcheng,40.4536,124.0717,51.39,34,100,4.21,CN,1619372865
Mwanza,-2.5167,32.9,69.8,88,75,3.11,TZ,1619372611
Fortuna,40.5982,-124.1573,50.0,93,75,11.5,US,1619372866
Corpus Christi,27.8006,-97.3964,82.99,57,20,16.11,US,1619372866
Mar del Plata,-38.0023,-57.5575,64.4,68,75,16.11,AR,1619372866
Jacobina,-11.1806,-40.5183,82.49,58,60,6.2,BR,1619372867
Barrow,71.2906,-156.7887,10.4,92,1,12.66,US,1619372633
Hambantota,6.1241,81.1185,80.55,79,33,6.22,LK,1619372867
Quatre Cocos,-20.2078,57.7625,78.01,88,75,12.66,MU,1619372612
Arraial do Cabo,-22.9661,-42.0278,84.2,65,0,9.22,BR,1619372868
Chokurdakh,70.6333,147.9167,18.32,94,100,13.47,RU,1619372868
Tasiilaq,65.6145,-37.6368,39.2,65,75,23.02,GL,1619372868
Kapustin Yar,48.5831,45.7372,47.98,45,100,1.25,RU,1619372869
Bandarbeyla,9.4942,50.8122,83.7,72,53,10.89,SO,1619372869
Alofi,-19.0595,-169.9187,69.8,94,82,1.14,NU,1619372869
Ixtapa,20.7,-105.2,82.4,57,20,8.05,MX,1619372870
Saint-Philippe,-21.3585,55.7679,78.8,73,0,23.02,RE,1619372870
Saldanha,-33.0117,17.9442,60.8,88,100,4.61,ZA,1619372708
Lavrentiya,65.5833,-171.0,21.52,84,90,3.53,RU,1619372870
Egvekinot,66.3167,-179.1667,20.8,90,94,5.48,RU,1619372719
Wawa,9.9022,4.4192,91.44,44,83,3.06,NG,1619372871
Kurtamysh,54.9103,64.4319,53.44,63,73,11.12,RU,1619372871
Dwārka,22.2394,68.9678,82.54,78,0,16.62,IN,1619372670
Mahébourg,-20.4081,57.7,77.0,88,75,12.66,MU,1619372871
Launceston,-41.45,147.1667,50.0,81,46,11.5,AU,1619372871
Butaritari,3.0707,172.7902,81.9,77,23,11.97,KI,1619372872
Sisimiut,66.9395,-53.6735,42.85,66,64,1.72,GL,1619372624
Burnie,-41.0667,145.9167,52.0,82,80,5.99,AU,1619372872
Busselton,-33.65,115.3333,53.01,95,21,4.41,AU,1619372873
Quarteira,37.0695,-8.1006,68.0,83,20,10.36,PT,1619372873
Arman',59.7,150.1667,9.37,79,26,8.86,RU,1619372873
Alice Springs,-23.7,133.8833,50.0,57,0,5.75,AU,1619372740
Margate,51.3813,1.3862,46.0,65,7,8.01,GB,1619372874
Shagonar,51.5333,92.8,33.22,55,37,3.62,RU,1619372874
Upernavik,72.7868,-56.1549,35.78,87,22,2.75,GL,1619372875
Nuevo Progreso,23.1667,-97.95,88.0,72,61,8.99,MX,1619372875
Urengoy,65.9667,78.3667,17.01,92,50,7.45,RU,1619372875
Cap Malheureux,-19.9842,57.6142,78.01,81,100,5.99,MU,1619372715
Kutum,14.2,24.6667,84.33,12,67,7.38,SD,1619372876
Sitka,57.0531,-135.33,50.0,53,1,5.75,US,1619372675
Clyde River,70.4692,-68.5914,23.0,100,40,23.02,CA,1619372876
Koungou,-12.7336,45.2042,80.6,83,0,10.36,YT,1619372876
Khatanga,71.9667,102.5,5.76,84,87,18.03,RU,1619372877
The Valley,18.217,-63.0578,87.8,65,75,17.27,AI,1619372877
Yumen,40.2833,97.2,40.28,14,90,17.87,CN,1619372877
Laguna,38.421,-121.4238,60.01,62,90,6.91,US,1619372878
Kununurra,-15.7667,128.7333,62.6,82,80,7.0,AU,1619372878
Samarai,-10.6167,150.6667,82.47,78,99,10.96,PG,1619372878
Caravelas,-17.7125,-39.2481,83.8,62,15,9.78,BR,1619372879
Qaanaaq,77.484,-69.3632,31.73,73,80,3.6,GL,1619372879
Nanortalik,60.1432,-45.2371,42.85,72,100,15.23,GL,1619372879
Bengkulu,-3.8004,102.2655,77.18,86,98,4.68,ID,1619372826
Hasaki,35.7333,140.8333,48.2,49,20,14.97,JP,1619372880
Tadine,-21.55,167.8833,72.18,87,100,7.09,NC,1619372880
Salalah,17.0151,54.0924,84.2,70,75,8.05,OM,1619372880
Khovd,48.0056,91.6419,29.68,29,52,2.89,MN,1619372881
Chernyshevskiy,63.0128,112.4714,27.64,98,100,3.22,RU,1619372881
Belvedere Marittimo,39.6179,15.8617,55.22,68,38,1.25,IT,1619372881
Corowa,-36.0333,146.3833,43.0,100,4,3.44,AU,1619372882
Kargil,34.5667,76.1,32.56,40,10,4.83,IN,1619372882
Mossamedes,-15.1961,12.1522,78.64,71,5,16.49,AO,1619372882
Kruisfontein,-34.0033,24.7314,70.75,45,100,2.84,ZA,1619372883
Kapoeta,4.7717,33.5903,81.12,51,100,6.22,SS,1619372822
Dikson,73.5069,80.5464,16.05,90,100,9.93,RU,1619372883
Luwuk,-0.9516,122.7875,75.88,82,98,3.98,ID,1619372883
Amahai,-3.3333,128.9167,80.01,89,99,2.89,ID,1619372883
Kėdainiai,55.2883,23.9747,39.2,56,40,5.75,LT,1619372884
Inowrocław,52.7989,18.2639,44.6,33,0,9.22,PL,1619372771
São Filipe,14.8961,-24.4956,71.82,75,97,10.07,CV,1619372884
Tolmachëvo,54.9824,82.7363,41.0,48,98,4.47,RU,1619372884
Mahon,39.8885,4.2658,60.8,77,0,16.11,ES,1619372885
Cape Town,-33.9258,18.4232,66.0,88,0,17.27,ZA,1619372885
Wanning,18.8003,110.3967,78.51,90,67,6.46,CN,1619372886
Ryōtsu-minato,38.0833,138.4333,44.26,48,5,10.65,JP,1619372886
Inhambane,-23.865,35.3833,75.2,78,20,4.21,MZ,1619372886
Aasiaat,68.7098,-52.8699,35.89,77,82,6.26,GL,1619372684
Yerbogachën,61.2767,108.0108,33.71,97,100,7.09,RU,1619372887
Okha,53.5739,142.9478,19.69,88,5,4.68,RU,1619372887
Bilma,18.6853,12.9164,96.8,8,16,8.23,NE,1619372765
Pimentel,-6.8367,-79.9342,77.0,57,0,11.5,PE,1619372888
Vila Franca do Campo,37.7167,-25.4333,62.6,67,40,13.8,PT,1619372888
Asău,46.4333,26.4,50.0,42,78,6.06,RO,1619372889
Beyneu,45.3167,55.2,71.67,21,80,21.54,KZ,1619372889
Palana,59.1167,159.9667,23.38,96,100,3.47,RU,1619372889
Faanui,-16.4833,-151.75,80.64,65,7,3.62,PF,1619372889
Tiksi,71.6872,128.8694,20.48,96,99,3.78,RU,1619372890
Fonte Boa,-2.4959,-66.2662,83.64,81,86,3.87,BR,1619372890
Honiara,-9.4333,159.95,77.85,86,75,2.59,SB,1619372890
Loma Alta,15.3967,-88.5597,96.01,70,20,9.22,HN,1619372891
Gijang,35.2442,129.2139,50.0,66,0,4.61,KR,1619372891
Batemans Bay,-35.7167,150.1833,52.0,87,10,3.0,AU,1619372892
Antofagasta,-23.65,-70.4,70.0,68,0,11.5,CL,1619372807
Huarmey,-10.0681,-78.1522,73.09,73,34,10.22,PE,1619372892
Châlons-en-Champagne,48.9539,4.3672,60.8,31,0,16.11,FR,1619372725
Fort Saint James,54.4333,-124.25,45.75,29,0,7.07,CA,1619372892
Spasskoye,44.6108,132.7969,35.15,41,0,6.53,RU,1619372893
Cidreira,-30.1811,-50.2056,71.31,69,87,16.04,BR,1619372893
Nadvoitsy,63.8667,34.3167,38.82,88,40,14.25,RU,1619372893
Luzhou,28.8724,105.4405,58.91,94,100,6.22,CN,1619372893
Visby,57.6409,18.296,37.99,70,75,12.66,SE,1619372894
Cherskiy,68.75,161.3,0.34,97,99,4.47,RU,1619372894
Roverud,60.2521,12.055,42.8,39,75,9.22,NO,1619372895
Pangnirtung,66.1451,-65.7125,32.0,80,90,4.61,CA,1619372895
City of San Pedro,14.35,121.0167,80.6,78,40,6.91,PH,1619372895
Heze,35.2431,115.4411,53.58,76,100,3.96,CN,1619372895
Sechura,-5.5569,-80.8222,80.6,57,37,9.44,PE,1619372896
New Norfolk,-42.7826,147.0587,55.0,80,96,1.99,AU,1619372618
Abéché,13.8292,20.8324,88.34,26,36,7.05,TD,1619372896
São João da Barra,-21.6403,-41.0511,86.0,54,20,2.3,BR,1619372896
Bloemfontein,-29.1211,26.214,60.8,33,0,3.44,ZA,1619372897
Itarema,-2.9248,-39.9167,84.24,68,84,13.24,BR,1619372726
Filingué,14.3521,3.3168,97.74,15,80,2.98,NE,1619372897
Belaya Gora,68.5333,146.4167,16.12,86,100,11.43,RU,1619372647
Fontem,5.4685,9.8818,72.1,82,76,2.51,CM,1619372897
Hilo,19.7297,-155.09,68.0,83,90,3.44,US,1619372384
Maceió,-9.6658,-35.7353,86.0,58,40,8.05,BR,1619372633
Vardø,70.3705,31.1107,33.8,64,40,16.11,NO,1619372756
Esim,4.8699,-2.2405,81.32,78,97,6.53,GH,1619372898
Meadow Lake,34.8014,-106.5436,79.0,15,20,10.36,US,1619372898
Birao,10.2849,22.7882,79.03,64,95,9.04,CF,1619372899
Starodub,52.5844,32.7633,34.38,67,49,6.91,RU,1619372899
Olavarría,-36.8927,-60.3225,64.99,70,27,6.76,AR,1619372899
Pevek,69.7008,170.3133,19.27,94,100,11.77,RU,1619372899
Kurbnesh,41.7797,20.0836,59.0,51,0,5.75,AL,1619372900
Lafia,8.4833,8.5167,76.71,70,98,7.2,NG,1619372900
Río Frío de Juárez,19.35,-98.6667,77.0,25,1,5.75,MX,1619372900
Cabo San Lucas,22.8909,-109.9124,84.0,34,40,8.05,MX,1619372761
Husavik,66.0449,-17.3389,39.2,100,90,17.27,IS,1619372669
Tazovsky,67.4667,78.7,8.08,96,34,8.28,RU,1619372901
Carmarthen,51.8555,-4.3054,60.8,44,9,16.11,GB,1619372901
Jiangyou,31.7667,104.7167,57.6,89,100,1.99,CN,1619372724
Olafsvik,64.8945,-23.7142,44.26,85,81,9.08,IS,1619372902
Evensk,61.95,159.2333,21.13,95,100,7.38,RU,1619372902
Kikwit,-5.041,18.8162,74.37,84,28,2.08,CD,1619372903
Petropavlovsk-Kamchatskiy,53.0452,158.6483,33.8,100,75,4.47,RU,1619372903
Lüderitz,-26.6481,15.1594,62.08,92,83,1.39,NA,1619372903
Tucuruí,-3.7661,-49.6725,84.13,75,76,4.12,BR,1619372904
Atar,20.5169,-13.0499,94.68,11,0,14.61,MR,1619372692
El Salvador,13.8333,-88.9167,89.6,48,20,6.91,SV,1619372818
Mâncio Lima,-7.6142,-72.8958,93.2,59,75,3.44,BR,1619372904
Muisne,0.6,-80.0333,84.2,84,75,11.5,EC,1619372905
Saint-Joseph,-21.3667,55.6167,78.8,73,0,23.02,RE,1619372905
Garoua Boulaï,5.8833,14.55,69.3,79,69,1.12,CM,1619372905
Lompoc,34.6391,-120.4579,57.99,58,100,6.26,US,1619372906
Livingstonia,-10.606,34.1063,63.14,86,38,4.65,MW,1619372906
Hamilton,39.1834,-84.5333,62.01,67,75,5.75,US,1619372775
Praia da Vitória,38.7333,-27.0667,64.0,72,75,16.67,PT,1619372906
Geraldton,-28.7667,114.6,60.8,82,2,4.61,AU,1619372907
Vila Velha,-20.3297,-40.2925,87.01,66,20,13.8,BR,1619372907
Lastoursville,-0.8143,12.7287,76.95,87,54,2.19,GA,1619372907
Esperance,-33.8667,121.9,62.6,63,1,16.11,AU,1619372833
Rimavská Sobota,48.3828,20.0224,42.08,92,81,2.21,SK,1619372908
Melilla,35.2937,-2.9383,62.6,94,75,3.44,ES,1619372908
Bethel,41.3712,-73.414,53.6,71,90,6.91,US,1619372909
Bang Saphan,11.2126,99.5117,76.1,85,82,4.94,TH,1619372909
Diamantino,-14.4086,-56.4461,81.12,71,96,6.13,BR,1619372909
Atasū,48.6814,71.6433,47.68,62,17,8.19,KZ,1619372910
Bonavista,48.6499,-53.1147,53.6,40,24,12.66,CA,1619372910
Kumul,42.8,93.45,42.71,19,97,6.29,CN,1619372911
Sanson,-40.2167,175.4167,55.99,89,94,1.99,NZ,1619372911
Verkhnyaya Inta,65.9811,60.3094,41.45,84,99,14.2,RU,1619372886
Garissa,-0.4536,39.6401,87.06,52,99,20.76,KE,1619372912
Nome,64.5011,-165.4064,36.0,80,90,4.79,US,1619372912
Isangel,-19.55,169.2667,76.62,84,100,8.14,VU,1619372912
Ambon City,-3.6954,128.1814,80.01,89,88,8.12,ID,1619372742
Guarujá,-23.9931,-46.2564,84.2,58,20,5.75,BR,1619372712
São Gabriel da Cachoeira,-0.1303,-67.0892,86.0,74,40,8.05,BR,1619372913
Pamekasan,-7.1568,113.4746,78.85,78,47,8.7,ID,1619372913
Zwedru,6.0667,-8.1281,80.15,79,100,3.53,LR,1619372913
Flin Flon,54.7682,-101.865,41.0,42,90,10.36,CA,1619372914
Shangrao,28.4532,117.9686,62.91,95,99,3.02,CN,1619372914
Dingle,10.9995,122.6711,76.69,84,15,3.18,PH,1619372914
Ejea de los Caballeros,42.1263,-1.1372,68.0,55,100,9.22,ES,1619372915
Bonthe,7.5264,-12.505,85.15,64,90,11.88,SL,1619372915
Half Moon Bay,37.4636,-122.4286,59.0,76,90,13.8,US,1619372748
Morant Bay,17.8815,-76.4093,84.2,74,20,18.41,JM,1619372916
Zheleznodorozhnyy,55.7503,38.0042,41.0,48,0,11.18,RU,1619372916
Eldorado,-23.7869,-54.2836,66.92,86,94,5.26,BR,1619372916
Adrar,20.5022,-10.0711,96.53,11,5,8.79,MR,1619372917
Whitecourt,54.1502,-115.6855,39.2,26,20,11.5,CA,1619372711
Solnechnyy,50.7214,136.6319,27.16,60,42,4.09,RU,1619372917
Maumere,-8.6199,122.2111,79.52,73,98,7.81,ID,1619372917
Mashhad,36.297,59.6062,69.8,40,40,4.61,IR,1619372918
Masuda,34.6667,131.85,51.8,50,20,18.41,JP,1619372918
Ahipara,-35.1667,173.1667,58.21,79,90,6.67,NZ,1619372918
Kautokeino,69.0125,23.0412,15.48,90,36,4.94,NO,1619372919
Saint George,37.1041,-113.5841,78.01,16,1,31.07,US,1619372883
Tanout,14.9709,8.8879,97.66,8,80,10.11,NE,1619372749
Sørland,67.667,12.6934,39.2,70,75,10.36,NO,1619372862
Lethem,3.3803,-59.7968,84.43,64,100,8.16,GY,1619372919
Ketchikan,55.3422,-131.6461,54.52,41,0,5.23,US,1619372920
Santa Fe,-31.6333,-60.7,71.01,46,0,1.99,AR,1619372823
Port Victoria,0.0939,33.9756,68.85,85,99,8.08,KE,1619372920
Chuncheng,22.1731,111.7886,74.5,94,99,3.11,CN,1619372921
Topaowan,30.67,112.6895,57.99,87,99,9.98,CN,1619372921
Padang,-0.9492,100.3543,78.21,85,91,3.18,ID,1619372921
Doumé,4.2333,13.45,76.28,64,99,1.52,CM,1619372922
Sistranda,63.7256,8.834,39.2,70,75,17.27,NO,1619372745
Talnakh,69.4865,88.3972,-1.88,96,67,2.35,RU,1619372922
Tomigusuku,26.185,127.675,68.0,77,20,4.61,JP,1619372922
Dunedin,-45.8742,170.5036,46.0,47,74,1.99,NZ,1619372923
Yar-Sale,66.8333,70.8333,32.77,96,100,11.39,RU,1619372923
Ishigaki,24.3448,124.1572,72.19,65,35,17.69,JP,1619372923
Tateyama,34.9833,139.8667,55.4,54,75,17.27,JP,1619372923
Christchurch,-43.5333,172.6333,46.99,100,85,5.75,NZ,1619372924
Susanville,40.4163,-120.653,46.4,36,90,11.5,US,1619372924
São José da Coroa Grande,-8.8978,-35.1478,82.45,70,28,9.35,BR,1619372925
Ambovombe,-25.1667,46.0833,73.04,81,6,8.68,MG,1619372925
Port Hedland,-20.3167,118.5667,68.0,88,0,8.05,AU,1619372925
Mitchell,43.7094,-98.0298,52.0,61,1,34.52,US,1619372926
Gizo Government Station,-8.103,156.8419,82.26,73,13,1.92,SB,1619372926
Touros,-5.1989,-35.4608,86.0,66,40,14.97,BR,1619372926
Lichinga,-13.3128,35.2406,68.0,94,0,6.91,MZ,1619372927
Shubarkuduk,49.1447,56.4872,49.53,85,100,2.91,KZ,1619372764
Port Blair,11.6667,92.75,82.36,72,95,6.06,IN,1619372927
Udachny,66.4167,112.4,9.32,91,100,22.77,RU,1619372694
Emba,48.8264,58.1442,52.11,85,100,7.56,KZ,1619372928
Jega,12.2175,4.3792,98.94,21,76,3.38,NG,1619372928
Dashitou,43.3067,128.5114,35.64,44,11,2.39,CN,1619372928
Halifax,44.6453,-63.5724,60.01,58,66,13.8,CA,1619372818
Tura,25.5198,90.2201,79.02,26,19,4.52,IN,1619372835
Port Elizabeth,-33.918,25.5701,62.6,77,0,7.0,ZA,1619372622
Yafran,32.0633,12.5286,66.6,30,17,4.99,LY,1619372929
Golden,39.7555,-105.2211,72.0,26,40,8.05,US,1619372712
Fort Nelson,58.8053,-122.7002,41.0,38,40,3.44,CA,1619372712
Bac Ninh,21.1833,106.05,78.8,100,75,5.75,VN,1619372929
Tallahassee,30.4383,-84.2807,77.0,46,1,11.5,US,1619372841
Victor Harbor,-35.5667,138.6167,55.99,92,6,2.26,AU,1619372930
Ampanihy,-24.7,44.75,71.11,81,6,4.23,MG,1619372677
Bayan,46.0833,127.4,41.79,35,51,4.52,CN,1619372930
Arrondissement de Saint-Gaudens,43.0833,0.6667,64.4,59,90,6.91,FR,1619372930
Moorhead,46.8739,-96.7676,44.6,49,90,20.71,US,1619372931
Havre-St-Pierre,50.2334,-63.5986,48.2,46,1,13.8,CA,1619372931
Cayenne,4.9333,-52.3333,84.2,74,75,14.97,GF,1619372697
Port Hardy,50.6996,-127.4199,48.2,87,90,4.61,CA,1619372931
Novyy Urgal,51.0736,132.5642,30.99,49,81,2.19,RU,1619372932
Anadyr,64.75,177.4833,23.0,100,75,1.88,RU,1619372932
Tuatapere,-46.1333,167.6833,42.01,84,57,5.99,NZ,1619372917
Hūn,29.1268,15.9477,72.55,33,0,10.04,LY,1619372933
Kabinda,-6.1333,24.4833,69.22,84,88,4.72,CD,1619372933
Oussouye,12.485,-16.5469,93.2,78,0,9.22,SN,1619372933
Kita,13.0349,-9.4895,98.38,21,44,6.93,ML,1619372934
Marawi,7.9986,124.2928,78.01,89,79,1.99,PH,1619372934
Winnemucca,40.973,-117.7357,41.0,81,90,6.64,US,1619372935
Meulaboh,4.1363,96.1285,77.14,85,87,3.94,ID,1619372935
Deniliquin,-35.5333,144.9667,50.0,85,15,6.71,AU,1619372935
Pingliang,35.5392,106.6861,44.69,90,78,3.4,CN,1619372936
Aitape,-3.1374,142.3475,75.96,88,100,4.68,PG,1619372936
Deputatsky,69.3,139.9,14.97,93,100,5.84,RU,1619372937
Dayong,25.0209,118.2898,71.6,64,75,11.18,CN,1619372937
Necochea,-38.5473,-58.7368,64.0,68,99,4.0,AR,1619372937
Barra dos Coqueiros,-10.9089,-37.0386,84.2,74,40,9.22,BR,1619372937
Tevaitoa,-16.7833,-151.5,80.67,67,13,5.14,PF,1619372938
Galesong,-5.3166,119.3661,75.2,100,20,2.3,ID,1619372938
Khorinsk,52.1657,109.7726,34.57,98,100,5.73,RU,1619372938
Lucapa,-8.4192,20.7447,67.6,92,64,3.06,AO,1619372939
Barentu,15.1139,37.5928,87.96,23,87,4.54,ER,1619372910
Tilichiki,60.4667,166.1,24.39,95,99,4.85,RU,1619372939
Norman Wells,65.282,-126.8329,32.0,59,75,26.46,CA,1619372940
Riihimäki,60.7377,24.7773,37.0,96,100,10.25,FI,1619372940
Almaşu,46.95,23.1333,53.6,54,40,2.3,RO,1619372940
Posse,-14.0931,-46.3694,87.04,39,65,2.66,BR,1619372940
Acapulco de Juárez,16.8634,-99.8901,86.0,54,90,9.22,MX,1619372941
Havøysund,70.9963,24.6622,35.6,69,75,11.5,NO,1619372941
Mount Isa,-20.7333,139.5,71.6,53,1,2.3,AU,1619372942
Garmsār,35.2182,52.3409,75.6,38,82,9.69,IR,1619372942
Martos,37.7211,-3.9726,64.4,68,20,5.75,ES,1619372942
Hirara,24.8,125.2833,71.55,67,6,17.27,JP,1619372943
Le Port,-20.9373,55.2919,75.2,88,90,18.41,RE,1619372943
Waingapu,-9.6567,120.2641,76.46,77,41,8.77,ID,1619372943
Korla,41.7597,86.1469,52.3,24,22,5.79,CN,1619372944
Charyshskoye,51.3978,83.5598,34.86,74,68,4.59,RU,1619372944
Qasigiannguit,68.8193,-51.1922,51.8,40,20,21.85,GL,1619372944
Klaksvík,62.2266,-6.589,46.4,93,100,11.5,FO,1619372912
Bama,11.5221,13.6856,94.96,17,97,3.78,NG,1619372945
Abashiri,44.0213,144.2697,32.0,74,56,11.99,JP,1619372945
Tambovka,50.0969,128.0489,41.0,42,20,6.71,RU,1619372945
Vallenar,-28.5708,-70.7581,79.86,29,0,6.22,CL,1619372945
Kabalo,-6.05,26.9167,71.49,89,88,2.21,CD,1619372946
Bembèrèkè,10.2283,2.6634,89.31,41,44,9.57,BJ,1619372946
Penzance,50.1186,-5.5371,51.8,71,77,23.2,GB,1619372946
Portland,45.5234,-122.6762,55.0,71,90,3.44,US,1619372464
Omboué,-1.5746,9.2618,80.08,82,35,5.93,GA,1619372947
Kéfalos,36.7453,26.9589,62.6,77,20,13.8,GR,1619372947
Monte Alegre,-2.0078,-54.0692,84.34,73,100,4.25,BR,1619372947
Ossora,59.2353,163.0719,30.31,93,100,4.59,RU,1619372948
Toyooka,35.5333,134.8333,48.07,56,10,11.32,JP,1619372948
Patacamaya,-17.2333,-67.9167,58.39,20,1,13.18,BO,1619372948
Tamandaré,-8.7597,-35.1047,82.87,69,42,8.95,BR,1619372949
Lakeway,30.3638,-97.9796,81.0,47,1,5.75,US,1619372949
Vestmanna,62.1564,-7.1664,46.4,93,100,11.5,FO,1619372949
Porto Belo,-27.1578,-48.5531,79.0,61,20,11.5,BR,1619372950
Niamey,13.5137,2.1098,105.8,11,0,5.75,NE,1619372950
Jalu,29.0331,21.5482,72.27,42,0,15.84,LY,1619372951
Nobeoka,32.5833,131.6667,45.0,75,1,1.01,JP,1619372951
Vadgaon,20.9402,74.8712,93.11,20,80,7.31,IN,1619372951
Arlit,18.7369,7.3853,98.92,8,95,7.87,NE,1619372952
Husainābād,24.5333,84.0167,83.1,10,37,4.5,IN,1619372952
Kano,12.0001,8.5167,100.4,17,20,8.05,NG,1619372952
Yaypan,40.3758,70.8156,72.41,24,20,3.06,UZ,1619372953
Henties Bay,-22.116,14.2845,64.0,87,8,5.99,NA,1619372771
Puerto Madryn,-42.7692,-65.0385,66.96,41,46,21.97,AR,1619372953
Altea,38.5989,-0.0514,60.01,86,77,1.99,ES,1619372954
Beloha,-25.1667,45.05,73.58,80,27,7.65,MG,1619372687
Togur,58.3631,82.8265,34.63,99,99,3.15,RU,1619372954
Abu Dhabi,24.4667,54.3667,87.8,54,90,6.91,AE,1619372942
Sesheke,-17.4759,24.2968,67.35,56,94,4.47,ZM,1619372955
Saquarema,-22.92,-42.5103,84.2,61,20,9.22,BR,1619372955
Dutlwe,-23.9833,23.9,69.49,22,0,3.38,BW,1619372955
Tessalit,20.1986,1.0114,98.24,5,0,7.38,ML,1619372956
Guerrero Negro,27.9769,-114.0611,65.86,60,83,11.63,MX,1619372956
Qui Nhon,13.7667,109.2333,79.02,86,43,1.9,VN,1619372957
Souillac,-20.5167,57.5167,77.0,88,75,12.66,MU,1619372957
Northam,51.0333,-4.2167,51.01,16,2,1.01,GB,1619372957
Tezu,27.9167,96.1667,80.76,20,38,4.38,IN,1619372958
Kudahuvadhoo,2.6708,72.8944,83.43,68,32,6.49,MV,1619372958
Acaraú,-2.8856,-40.12,83.46,72,82,13.35,BR,1619372958
Kalmunai,7.4167,81.8167,79.75,73,29,6.67,LK,1619372784
Cururupu,-1.8283,-44.8683,81.75,80,100,4.74,BR,1619372854
Yantal',56.8471,105.2542,25.05,97,96,4.0,RU,1619372959
Richards Bay,-28.783,32.0377,67.12,86,0,2.98,ZA,1619372936
Oranjemund,-28.55,16.4333,61.97,90,100,2.59,NA,1619372959
Koygorodok,60.445,50.9968,37.78,92,100,8.23,RU,1619372960
Ürümqi,43.801,87.6005,44.6,29,29,2.24,CN,1619372960
Esso,55.9333,158.7,23.22,96,100,3.65,RU,1619372961
Hong Kong,22.2855,114.1577,73.0,92,100,1.99,HK,1619372937
Danville,36.586,-79.395,68.0,48,40,16.11,US,1619372961
Andenes,69.3143,16.1194,35.6,75,90,6.91,NO,1619372961
Muzhi,65.3667,64.6667,37.35,92,100,9.78,RU,1619372962
Redmond,47.674,-122.1215,50.0,83,100,1.01,US,1619372805
Todos Santos,23.45,-110.2167,91.0,10,87,4.0,MX,1619372962
Iqaluit,63.7506,-68.5145,33.8,80,75,3.44,CA,1619372677
La Libertad,-2.2333,-80.9,80.6,74,0,4.61,EC,1619372962
Kushiro,42.975,144.3747,30.96,73,99,10.18,JP,1619372963
Batagay-Alyta,67.8006,130.4114,16.57,87,100,5.97,RU,1619372963
San Benito,36.6166,-121.0844,57.0,68,100,1.01,US,1619372963
Kīhei,20.785,-156.4656,73.4,73,20,11.5,US,1619372765
Chui,-33.6971,-53.4616,68.72,55,18,14.63,UY,1619372964
Cockburn Town,21.4612,-71.1419,82.4,57,40,13.8,TC,1619372964
Saint-Augustin,51.226,-58.6502,46.9,43,70,12.39,CA,1619372935
Qaqortoq,60.7167,-46.0333,51.8,30,75,19.57,GL,1619372965
Kuching,1.55,110.3333,77.0,94,20,2.3,MY,1619372965
Krasne,49.9145,24.6134,42.8,65,0,4.47,UA,1619372965
Mitsamiouli,-11.3847,43.2844,81.01,78,85,9.51,KM,1619372965
Lorengau,-2.0226,147.2712,79.97,79,100,5.75,PG,1619372966
Labuhan,-6.8844,112.2051,78.17,84,59,7.49,ID,1619372851
Sur,22.5667,59.5289,86.2,42,0,8.03,OM,1619372930
Kozhva,65.1073,57.0459,43.3,74,100,11.14,RU,1619372966
Krasnosel'kup,65.7,82.4667,15.69,89,31,5.99,RU,1619372931
Valparaíso,-33.0393,-71.6273,59.0,94,20,5.75,CL,1619372966
Coyhaique,-45.5752,-72.0662,57.2,51,40,9.22,CL,1619372967
Lamu,-2.2717,40.902,81.77,78,75,12.33,KE,1619372967
Tartagal,-22.5164,-63.8013,71.29,60,64,5.32,AR,1619372967
Novo Cruzeiro,-17.4681,-41.8753,85.05,38,5,0.27,BR,1619372967
Saint-Ambroise,48.5501,-71.3324,59.0,47,72,8.05,CA,1619372796
Torbay,47.6666,-52.7314,54.0,37,20,24.16,CA,1619372968
Sambava,-14.2667,50.1667,75.6,85,100,8.5,MG,1619372968
Grindavik,63.8424,-22.4338,46.4,81,75,16.11,IS,1619372909
Ostrovnoy,68.0531,39.5131,34.43,98,100,19.62,RU,1619372968
Djambala,-2.5447,14.7533,72.37,81,60,2.51,CG,1619372969
Channel-Port aux Basques,47.5702,-59.1367,39.99,81,6,7.14,CA,1619372969
Sonoita,31.85,-112.8333,82.0,15,1,3.0,MX,1619372723
Arrondissement de Bastia,42.6667,9.3333,60.8,72,0,3.44,FR,1619372969
Puyang,29.4603,119.8861,60.42,94,86,2.91,CN,1619372970
Tavda,58.0425,65.2726,47.16,48,49,10.31,RU,1619372970
Nālūt,30.3333,10.85,81.5,15,46,11.68,LY,1619372970
Senador Guiomard,-10.1522,-67.7392,80.6,89,75,13.8,BR,1619372970
Gobabis,-22.45,18.9667,68.32,23,0,8.32,NA,1619372971
Chumikan,54.7183,135.315,26.28,89,90,5.75,RU,1619372971
Griffith,41.5284,-87.4237,45.0,61,1,11.5,US,1619372941
Zhurivka,50.5028,31.7849,42.8,81,75,6.4,UA,1619372971
Yatou,37.15,122.3833,49.8,71,100,1.9,CN,1619372972
Graaff-Reinet,-32.2522,24.5308,75.0,31,99,4.07,ZA,1619372972
Tommot,58.9564,126.2925,29.61,96,100,2.73,RU,1619372972
Nacozari,25.3366,-108.2574,86.0,34,67,1.01,MX,1619372973
Ibrā’,22.6906,58.5334,81.34,33,45,4.16,OM,1619372973
Manadhoo,5.7667,73.3833,84.09,72,9,5.37,MV,1619372973
Lasem,-6.6922,111.4527,77.77,84,51,6.38,ID,1619372973
San Patricio,28.017,-97.5169,87.8,42,1,11.5,US,1619372974
Coquimbo,-29.9533,-71.3436,62.6,72,20,11.5,CL,1619372974
Fort-Shevchenko,44.5086,50.263,56.64,76,70,18.99,KZ,1619372974
Pochutla,15.7432,-96.4661,91.0,58,75,11.5,MX,1619372974
Rocha,-34.4833,-54.3333,64.11,83,37,13.35,UY,1619372975
Bathsheba,13.2167,-59.5167,86.0,48,20,23.02,BB,1619372975
Zhangjiakou,40.81,114.8794,53.98,62,81,7.2,CN,1619372975
Muroto-misakicho,33.2833,134.15,52.77,60,4,18.01,JP,1619372975
Tual,-5.6667,132.75,83.86,62,100,6.62,ID,1619372906
Simao,22.7886,100.9748,69.21,52,62,2.62,CN,1619372976
Inza,53.8533,46.3586,38.75,67,42,13.89,RU,1619372976
Mogadishu,2.0371,45.3438,83.66,74,72,14.47,SO,1619372976
Muncar,-8.4333,114.3333,74.3,87,72,3.58,ID,1619372975
Coronado,32.6859,-117.1831,66.0,67,75,8.05,US,1619372751
Buin,-33.7333,-70.75,75.0,33,0,4.61,CL,1619372977
Gumdag,39.2061,54.5906,76.8,35,6,8.08,TM,1619372977
Ushtobe,45.2514,77.9838,56.82,41,100,6.06,KZ,1619372709
Vargashi,55.3556,65.8467,47.28,65,24,10.29,RU,1619372902
Port Augusta,-32.5,137.7667,55.4,88,0,4.61,AU,1619372978
Nizwá,22.9333,57.5333,86.47,16,73,5.12,OM,1619372978
Marsabit,2.3284,37.9899,70.75,59,94,6.78,KE,1619372978
Ajdabiya,30.7554,20.2263,65.44,65,0,21.83,LY,1619372978
Pinheiro,-2.5214,-45.0825,86.09,66,66,4.7,BR,1619372979
Sydney,-33.8679,151.2073,57.99,88,0,6.91,AU,1619372827
Faya,18.3851,42.4509,62.6,59,40,8.05,SA,1619372979
Miles City,46.4083,-105.8406,46.4,66,75,5.75,US,1619372979
Karratha,-20.7377,116.8463,77.81,60,0,5.03,AU,1619372980
Marsá Maţrūḩ,31.3525,27.2453,66.2,77,40,16.11,EG,1619372980
Tracy,37.7397,-121.4252,60.01,73,100,1.99,US,1619372788
Rundu,-17.9333,19.7667,67.32,30,3,4.88,NA,1619372980
Salinópolis,-0.6136,-47.3561,83.26,72,81,8.52,BR,1619372981
Yulara,-25.2406,130.9889,60.8,41,0,11.5,AU,1619372981
Novikovo,51.1537,37.8879,41.77,70,59,7.43,RU,1619372981
Gogrial,8.5332,28.1004,77.54,63,83,7.61,SS,1619372981
Ipoti,7.8738,5.0769,78.4,73,90,5.55,NG,1619372982
Tocopilla,-22.092,-70.1979,70.0,62,11,5.5,CL,1619372879
Goderich,43.7501,-81.7165,37.4,70,100,19.57,CA,1619372965
Balitoc,13.8627,120.6355,78.67,71,7,5.19,PH,1619372982
Santa Cruz de la Sierra,-17.8,-63.1667,77.0,61,75,18.41,BO,1619372704
Ţahţā,26.7693,31.5021,96.8,6,0,6.91,EG,1619372982
Kamaishi,39.2667,141.8833,38.55,63,3,8.75,JP,1619372983
Shache,38.4167,77.2406,64.24,16,20,6.73,CN,1619372983
Umluj,25.0213,37.2685,83.71,46,0,4.43,SA,1619372983
Pauini,-7.7136,-66.9764,94.35,46,50,1.25,BR,1619372911
Nesbyen,60.5681,9.1027,30.0,53,37,1.01,NO,1619372984
Naryan-Mar,67.6713,53.087,38.57,90,99,8.84,RU,1619372984
Kirakira,-10.4544,161.9205,79.2,84,95,4.05,SB,1619372984
Payson,40.0444,-111.7321,66.0,31,90,3.44,US,1619372985
Abu Kamal,34.4506,40.9171,88.99,12,88,13.8,SY,1619372985
Broome,42.2506,-75.833,55.99,71,90,3.44,US,1619372985
Bambous Virieux,-20.3428,57.7575,78.01,88,75,12.66,MU,1619372985
Bajil,15.0584,43.2851,90.59,44,41,2.75,YE,1619372699
Sabang,5.8933,95.3214,82.58,76,93,10.94,ID,1619372986
Mayo,38.8876,-76.5119,63.0,63,90,9.22,US,1619372986
Coromandel,-18.4733,-47.2003,84.94,26,20,8.57,BR,1619372986
Nara,34.6851,135.8049,51.01,37,1,8.7,JP,1619372927
Ust-Tsilma,65.441,52.1498,43.36,82,100,7.38,RU,1619372987
Manokwari,-0.8667,134.0833,78.6,82,99,10.09,ID,1619372987
Bela,25.9333,81.9833,83.68,11,95,5.32,IN,1619372987
Borogontsy,62.6683,131.1683,24.28,98,100,3.6,RU,1619372988
Lismore,-28.8135,153.2773,57.0,94,90,6.91,AU,1619372988
Ulladulla,-35.35,150.4667,52.0,100,3,8.05,AU,1619372988
Guatire,10.4762,-66.5427,87.8,62,20,3.44,VE,1619372988
Katangli,51.7102,143.2326,21.09,84,33,3.89,RU,1619372989
Calabozo,8.9242,-67.4293,98.44,28,73,9.31,VE,1619372989
Palauig,15.435,119.9045,77.22,68,5,6.49,PH,1619372989
Kendari,-3.945,122.4989,74.25,93,48,3.36,ID,1619372989
Pacific Grove,36.6177,-121.9166,59.0,51,75,5.75,US,1619372990
Kenora,49.8167,-94.4337,42.8,28,75,11.5,CA,1619372990
Turbat,26.0023,63.044,84.45,35,96,7.36,PK,1619372973
Toamasina,-18.1667,49.3833,73.4,94,75,5.75,MG,1619372991
Jumla,29.2747,82.1838,47.84,46,21,3.67,NP,1619372991
Luan,46.3592,6.9759,68.0,34,75,12.66,CH,1619372991
Moses Lake,47.1301,-119.2781,55.4,54,1,4.61,US,1619372991
Pontianak,-0.0333,109.3333,75.2,100,75,4.61,ID,1619372992
Murray Bridge,-35.1167,139.2667,55.0,93,0,0.25,AU,1619372712
Port-Gentil,-0.7193,8.7815,86.0,70,20,8.05,GA,1619372962
Otjimbingwe,-22.35,16.1333,76.05,37,26,10.2,NA,1619372992
Bayjī,34.9311,43.487,88.77,12,96,7.07,IQ,1619372992
Rahā,26.2333,92.5167,81.36,23,41,3.76,IN,1619372993
La Palma,33.8464,-118.0467,64.99,67,75,9.22,US,1619372935
Iquitos,-3.7481,-73.2472,87.8,70,40,5.75,PE,1619372993
Shimoda,34.6667,138.95,53.01,50,69,20.15,JP,1619372993
Piranhas,-16.4269,-51.8222,87.64,32,91,4.5,BR,1619372993
Bubaque,11.2833,-15.8333,78.94,65,27,18.86,GW,1619372994
Montepuez,-13.1256,38.9997,68.09,99,89,3.58,MZ,1619372994
Rujewa,-8.7,34.3833,67.96,79,76,8.05,TZ,1619372994
Palmer,42.1584,-72.3287,53.6,76,90,6.91,US,1619372995
Hervey Bay,-25.2986,152.8535,62.01,87,1,4.0,AU,1619372995
Taltal,-25.4,-70.4833,65.68,75,19,4.63,CL,1619372995
Leh,34.1667,77.5833,34.95,29,2,3.87,IN,1619372995
Maués,-3.3836,-57.7186,82.67,86,100,2.46,BR,1619372996
Zhigansk,66.7697,123.3711,32.95,98,100,9.17,RU,1619372996
Dunmore Town,25.5,-76.65,78.75,80,23,14.36,BS,1619372984
Coahuayana Viejo,18.7333,-103.6833,90.79,35,97,7.58,MX,1619372996
Katobu,-4.9408,122.5276,74.52,89,86,3.27,ID,1619372997
Marsh Harbour,26.5412,-77.0636,80.98,67,5,16.33,BS,1619372997
Rapid Valley,44.0625,-103.1463,51.8,50,1,19.57,US,1619372997
Rokupr,8.6717,-12.395,96.24,31,47,2.08,SL,1619372997
Ambanja,-13.6833,48.45,74.68,92,98,3.04,MG,1619372998
Haifa,32.8156,34.9892,69.8,73,0,5.75,IL,1619372998
Camaçari,-12.6975,-38.3242,84.2,65,20,10.36,BR,1619372998
Kholodnyy,62.7167,147.95,-13.74,97,11,1.9,RU,1619372999
Turan,16.0678,108.2208,80.6,94,20,2.3,VN,1619372999
Barra de Tecoanapa,16.5167,-98.75,85.89,63,93,11.43,MX,1619372999
Raudeberg,61.9875,5.1352,42.01,60,28,13.53,NO,1619372999
Prince Rupert,54.3161,-130.3201,51.8,66,1,4.61,CA,1619372744
Bowmore,34.9421,-79.3031,71.6,49,75,12.66,US,1619373000
Sola,-13.8833,167.55,82.51,72,95,4.27,VU,1619372950
Williamsburg,37.2707,-76.7075,63.0,67,75,11.5,US,1619372942
Elliot,-31.3333,27.85,56.66,37,5,4.7,ZA,1619373000
Bria,6.5423,21.9863,71.42,90,88,2.24,CF,1619373001
Severo-Kuril'sk,50.6789,156.125,31.48,97,100,11.18,RU,1619372932
Beringovskiy,63.05,179.3167,30.22,89,100,3.06,RU,1619373001
Kahului,20.8947,-156.47,73.4,73,20,11.5,US,1619372709
Dongsheng,39.8161,109.9776,43.86,89,93,10.47,CN,1619373001
Leningradskiy,69.3833,178.4167,14.54,89,28,2.98,RU,1619372930
Bom Jesus,-9.0744,-44.3586,85.1,61,94,4.68,BR,1619373002
